{
  "mean_embedding": [
    0.050421042842066874,
    0.20086044836769118,
    0.06509861474152244,
    0.06606137812402266,
    0.04324481874477497,
    0.09255410134870196,
    0.05355490664486064,
    0.1438770781158404,
    0.07111100463220223,
    0.12216122877600427,
    0.0599777705185533,
    0.05734140786137422,
    0.06128715238858157,
    0.08180346295416652,
    0.0712240732282448,
    0.2834783774917465
  ],
  "std_embedding": [
    0.1708920530538872,
    0.30220115287963384,
    0.19318877822881977,
    0.18922921906796147,
    0.15382156142139464,
    0.23015460841811783,
    0.16958589511225294,
    0.26976816953629595,
    0.1973540293018491,
    0.25769687042597605,
    0.1833022532398751,
    0.18073241066604925,
    0.18745703015893891,
    0.2244726536132045,
    0.19610442087505842,
    0.35260246753349306
  ],
  "num_samples": 4075,
  "embedding_dim": 16
}