{
  "user_propernoun": 0.18745296513220655,
  "country": 0.058748241775733456,
  "push_title": 0.008699893992205832,
  "push_content": 0.008393998161376648,
  "watchlists": 0.0018234639968729427,
  "prefer_bid": -0.00027232850072056447,
  "user_id": 0.0,
  "create_time": 0.0,
  "holdings": 0.0,
  "item_code": 0.0,
  "item_tags": 0.0,
  "submit_type": 0.0
}