{"loss": [0.25833413004875183, 0.0], "auc": [0.8786453008651733, 0.9511612057685852], "val_loss": [0.5698224902153015, 0.5516248941421509], "val_auc": [0.8093469142913818, 0.6835835576057434], "lr": [